{
  "name": "markdown-plugins",
  "title": "markdown-plugins",
  "description": "",
  "systems": [],
  "version": "0.1.0",
  "author": "",
  "authors": [
    {
      "name": "",
      "email": "",
      "url": ""
    }
  ],
  "scripts": [],
  "esmodules": [
    "markdown-plugins.js"
  ],
  "styles": [
    "markdown-plugins.css"
  ],
  "packs": [],
  "languages": [],
  "minimumCoreVersion": "0.5.0",
  "compatibleCoreVersion": "0.5.0",
  "url": "",
  "manifest": "",
  "download": "",
  "license": "",
  "readme": "",
  "bugs": "",
  "changelog": ""
}